north_south,n_countries,mean_eds,mean_energy,mean_temperature
North,13,31.51489219656885,22.737922077132872,7.972307692307693
South,6,35.964867936395606,22.303646164712447,16.475
