R2,ChargePoints_Coefficient,Temperature_Coefficient,ChargePoints_PValue,Temperature_PValue
0.3395917375445023,-2.4269556633104583e-5,0.5645512640157744,0.194277281493497,0.0023234939245524995
