Model,Variables,Train_R2,Test_R2,Test_Adj_R2,Test_RMSE,Test_MAE,Test_MAPE,Params_Source
Random Forest,26 clean (excludes circular),0.772677424475267,0.7162715889027409,0.7161130617299152,3.083907491869957,2.130208647215098,9.709346459931261,"44-variable run (mtry=10, ntree=1000, nodesize=5)"
XGBoost/GBM,26 clean (excludes circular),0.7483612106846627,0.7370855300556927,0.7369386322266946,2.9686375293812466,2.044082290943243,9.369810315883306,"44-variable run (n.trees=1500, depth=8, shrinkage=0.05, minobs=5)"
GAM,26 clean (excludes circular),-0.2469435211404778,0.6430576787121117,0.6429986104174196,3.458987167712219,2.4753466578959857,11.784268907276482,44-variable run (k=12)
Neural Network,26 clean (excludes circular),0.7205731792125165,0.7322184196008585,0.7320688023781374,2.995989446513063,2.086671388558076,9.573906772430282,"44-variable run (size=20, decay=0.01)"
Ensemble,26 clean (excludes circular),NA,0.7354486347685693,0.7353008223593885,2.977864501001926,2.0688221276479624,9.563724321784456,Weighted average of all models
