variable,edf,ref_df,f_stat,p_value
s(mass),8.99387922572883,8.999983262041155,20473.3953353684,0
s(aer),8.938659513464506,8.9972331193177,4570.62213825308,0
