variable,importance,importance_sd
mass,38.409393641360374,572271.2395700183
region_numeric,36.332857154479825,26864.248281971715
aer,33.61485475127769,260390.35834263288
